<?xml version="1.0" encoding="utf-8" standalone="yes" ?>
<Window size="800,580" caption="0,0,0,30" sizebox="4,4,6,6" roundcorner="4,4" showshadow="true" shadowimage="common/shadow.png" shadowsize="6" shadowcorner="8,8,8,8">
	<Font name="微软雅黑" size="14" bold="true" default="true" />
	<Default name="Button" value="height=&quot;40&quot; width=&quot;44&quot;"/>
	<Default name="VScrollBar" value="button1normalimage=&quot;file='scrollbar.png' source='0,0,16,16'&quot; button1hotimage=&quot;file='scrollbar.png' source='16,0,32,16,16'&quot; button1pushedimage=&quot;file='scrollbar.png' source='32,0,48,16'&quot; button2normalimage=&quot;file='scrollbar.png' source='0,32,16,48'&quot; button2hotimage=&quot;file='scrollbar.png' source='16,32,32,48'&quot; button2pushedimage=&quot;file='scrollbar.png' source='32,32,48,48'&quot; thumbnormalimage=&quot;file='scrollbar.png' source='0,48,16,64' corner='0,2,0,2'&quot; thumbhotimage=&quot;file='scrollbar.png' source='16,48,32,64' corner='0,2,0,2'&quot; thumbpushedimage=&quot;file='scrollbar.png' source='32,48,48,64' corner='0,2,0,2'&quot; bknormalimage=&quot;file='scrollbar.png' source='0,16,16,32'&quot;" />
    <VerticalLayout >
        <HorizontalLayout height="30" bkcolor="#FFE9EAEA" >
			<Label name="labLogo" width="30" bkimage="DlgSharing/logo.png" />
            <Label name="labCaption" width="200" textcolor="#FF626A99" textpadding="10,0,0,0" />
			<VerticalLayout />
            <Button name="btnClose" width="30" normalimage="DlgSharing/btnClose.png" hotimage="DlgSharing/btnCloseHot.png" />
        </HorizontalLayout>
		<HorizontalLayout height="1" bkcolor="#FFc1c1c3"/>
		<TabLayout name="tabList" width="800">
			<VerticalLayout >
				<List name="listShare" vscrollbar="true" header="hidden" itemshowhtml="true" bkcolor="FFE9EAEA">
				</List>
			</VerticalLayout>
        </TabLayout>
		<HorizontalLayout name="horShareLocal" visible="false" height="148" bkcolor="FFFFFFFF">
            <Button name="btnShareDesktop" width="126" height="126" padding="187,11,86,11" normalimage="DlgSharing/btnShareDesktop.png" hotimage="DlgSharing/btnShareDesktopHot.png" />
			<VerticalLayout width="1" padding="0,22,0,22" bkcolor="#FFe5e5e5" />
			<Button name="btnShareLocalFile" width="126" height="126" padding="87,11,0,11" normalimage="DlgSharing/btnShareLocalFile.png" hotimage="DlgSharing/btnShareLocalFileHot.png" />
        </HorizontalLayout>
    </VerticalLayout>
</Window>
