<?xml version="1.0" encoding="utf-8" standalone="yes" ?>
<Window size="588,576" sizebox="4,4,6,6" roundcorner="4,4" showshadow="true" shadowimage="common/shadow.png" shadowsize="6" shadowcorner="8,8,8,8">
	<Font name="微软雅黑" size="14" default="true" />
	<Font id="1" name="微软雅黑" size="12" />
    <VerticalLayout bkcolor="#FFFFFFFF">
		<HorizontalLayout name="Caption" height="30" bkcolor="#FF626A99">
			<VerticalLayout />
			<Button name="btnClose" width="30" normalimage="common/btnClose.png" hotimage="common/btnCloseHot.png" />
		</HorizontalLayout>
		<HorizontalLayout name="horExit" height="102">
			<VerticalLayout>
				<Label name="labExit" padding="0,20,0,0" align="center" textcolor="#FF666666" />
				<HorizontalLayout align="center" height="24" padding="0,30,0,0">
					<Button name="btnOK" height="24" width="64" padding="219,0,0,0" font="1" textcolor="#FF626A99" hottextcolor="#FF9CA4E4" pushedtextcolor="#FF626A99" normalimage="common/btn64px.png" />
					<Button name="btnCancel" height="24" width="64" padding="20,0,0,0" font="1" textcolor="#FF626A99" hottextcolor="#FF9CA4E4" pushedtextcolor="#FF626A99" normalimage="common/btn64px.png" />
				</HorizontalLayout>
			</VerticalLayout>
		</HorizontalLayout>
		<HorizontalLayout name="horExitDBUP" height="444">
			<VerticalLayout>
				<Label name="labExitDBUP" align="center" padding="0,20,0,0" textcolor="#FFE70000" />
				<HorizontalLayout height="1" padding="100,20,100,20" bkcolor="#FF666666" />
				<Label align="center" textcolor="#FF666666" text="欢迎您浏览专区并参与互动，共享学术盛宴！更多内分泌领域干货，"/>
				<Label align="center" textcolor="#FF626A99" text="请扫描下发二维码："/>
				<HorizontalLayout height="296" padding="22,20,22,22" align="center" bkimage="common/bgExit.png" />
			</VerticalLayout>
		</HorizontalLayout>
    </VerticalLayout>
</Window>
