<?xml version="1.0" encoding="utf-8" standalone="yes" ?>
<Window size="1022,670" caption="0,0,0,60" roundcorner="4,4">
	<Default name="Button" value="  height=&quot;30&quot; width=&quot;30&quot; padding=&quot;0,15,0,15&quot;" />
	<Default name="VScrollBar" value="button1normalimage=&quot;file='scrollbar.png' source='0,0,16,16'&quot; button1hotimage=&quot;file='scrollbar.png' source='16,0,32,16,16'&quot; button1pushedimage=&quot;file='scrollbar.png' source='32,0,48,16'&quot; button2normalimage=&quot;file='scrollbar.png' source='0,32,16,48'&quot; button2hotimage=&quot;file='scrollbar.png' source='16,32,32,48'&quot; button2pushedimage=&quot;file='scrollbar.png' source='32,32,48,48'&quot; thumbnormalimage=&quot;file='scrollbar.png' source='0,48,16,64' corner='0,2,0,2'&quot; thumbhotimage=&quot;file='scrollbar.png' source='16,48,32,64' corner='0,2,0,2'&quot; thumbpushedimage=&quot;file='scrollbar.png' source='32,48,48,64' corner='0,2,0,2'&quot; bknormalimage=&quot;file='scrollbar.png' source='0,16,16,32'&quot;" />
    <Font id="1" name="微软雅黑" size="14" />
	<Font id="2" name="微软雅黑" size="18" />
	<Font id="3" name="微软雅黑" size="12" />
	<Font id="4" name="方正姚体" size="110" />
    <VerticalLayout bkimage="\\common\\bgContacts.png">
        <HorizontalLayout height="60" bkimage="\\common\\bgContactsCaption.png">
            <Label name="labLogo" width="140" height="60" bkimage="\\DlgContacts\\labLogo.png" />
            <Label name="labCaption" width="100" height="30" padding="10,15,0,15" font="1" textcolor="#FFFFFFFF"/>
            <HorizontalLayout height="60" />
            <HorizontalLayout width="270" height="40" padding="0,10,0,10" bkimage="\\common\\bgSearch.png">
                <Edit name="editSearch" width="220" height="40" padding="10,0,0,0" numberonly="true" font="1" nativebkcolor="#FF69ADE7" bkimage="\\common\\bgEditSearch.png" />
                <Option name="optSearch" width="30" height="30" padding="0,5,10,5" normalimage="\\common\\btnSearch.png" hotimage="\\common\\btnSearchSelect.png" selectedimage="\\common\\btnSearchChose.png" />
            </HorizontalLayout>
            <HorizontalLayout height="60" />
            <!--<Button name="btnDetail" normalimage="\\DlgContacts\\btnDetail.png" hotimage="\\DlgContacts\\btnDetailSelect.png" />
            <Button name="btnSkin" normalimage="\\DlgContacts\\btnSkin.png" hotimage="\\DlgContacts\\btnSkinSelect.png" />-->
            <Button name="btnAVSetting" padding="20,15,0,15" normalimage="\\DlgContacts\\btnAVSetting.png" hotimage="\\DlgContacts\\btnAVSettingSelect.png" />
            <Button name="btnSetting" normalimage="\\DlgContacts\\btnSetting.png" hotimage="\\DlgContacts\\btnSettingSelect.png" />
            <Button name="btnRecord" normalimage="\\DlgContacts\\btnRecord.png" hotimage="\\DlgContacts\\btnRecordSelect.png" />
            <Button name="btnMin" padding="20,15,0,15" normalimage="\\DlgContacts\\btnMin.png" hotimage="\\DlgContacts\\btnMinSelect.png" />
            <!--<Button name="btnMax" visible="false" normalimage="\\DlgContacts\\btnMax.png" hotimage="\\DlgContacts\\btnMaxSelect.png" />
			<Button name="btnRestore" visible="false" normalimage="\\DlgContacts\\btnMax.png" hotimage="\\DlgContacts\\btnMaxSelect.png" />-->
            <Button name="btnClose" padding="0,15,15,15" normalimage="\\DlgContacts\\btnClose.png" hotimage="\\DlgContacts\\btnCloseSelect.png" />
        </HorizontalLayout>
        <VerticalLayout >
            <TileLayout name="tileRoom" vscrollbar="true" padding="40,10,0,0"/>
        </VerticalLayout>
        <!--<Label name="labTalent" height="40" textcolor="#FFFFFFFF" align="center" font="2" bkimage="\\DlgContacts\\bgCaption.png"/>-->
    </VerticalLayout>
</Window>
