<?xml version="1.0" encoding="utf-8" standalone="yes" ?>
<Window size="180,180">
    <VerticalLayout width="180" height="180" bkimage="\\DlgContacts\\bgRoom.png" >
        <HorizontalLayout height="56">
			<HorizontalLayout />
			<Button name="btnAdd" visible="false" width="30" height="30" bkimage="\\DlgContacts\\btnAdd.png" />
			<Button name="btnRemove" visible="false" width="30" height="30" bkimage="\\DlgContacts\\btnRemove.png" />
        </HorizontalLayout>
		<HorizontalLayout height="40">
			<VerticalLayout height="40">
				<Label name="labIsOwner" visible="false" width="20" height="20" padding="20,0,0,0" bkimage="\\DlgContacts\\labOwner.png"/>
			</VerticalLayout>
			<VerticalLayout height="40" width="100">
				<Label name="labRoomName" height="20" font="1" align="center" endellipsis="true"/>
				<Label name="labRoomID" height="20" font="1" align="center" endellipsis="true"/>
			</VerticalLayout>	
			<VerticalLayout height="40" />		
		</HorizontalLayout>
        <HorizontalLayout width="180" />
        <HorizontalLayout name="horRoomFlg" height="20" padding="10,0,0,10">
			<Label name="labLock" visible="false" width="20" height="20" padding="0,0,10,0" bkimage="\\DlgContacts\\labLock.png" />
            <Label name="labPin" visible="false" width="20" height="20" padding="0,0,10,0" bkimage="\\DlgContacts\\labPin.png" />
            <Label name="labFull" visible="false" width="20" height="20" padding="0,0,10,0" bkimage="\\DlgContacts\\labFull.png" />
            <Label name="labParNum" visible="false" width="20" height="20" padding="0,0,10,0" />
			<HorizontalLayout height="20" />
        </HorizontalLayout>
		<HorizontalLayout name="horRoomControl" height="50" visible="false" bkimage="\\DlgContacts\\bgRoomContrl.png">
			<HorizontalLayout height="50" />
			<Button name="btnRoomLock" width="45" height="50" normalimage="\\DlgContacts\\btnRoomLock.png" hotimage="\\DlgContacts\\btnRoomLockHot.png"/>
			<Button name="btnRoomUnLock" width="45" height="50" normalimage="\\DlgContacts\\btnRoomUnLock.png" hotimage="\\DlgContacts\\btnRoomUnLockHot.png"/>
            <Button name="btnRoomSetting" width="45" height="50" normalimage="\\DlgContacts\\btnRoomSetting.png" hotimage="\\DlgContacts\\btnRoomSettingHot.png"/>
            <Button name="btnRoomInvite" width="45" height="50" normalimage="\\DlgContacts\\btnRoomInvite.png" hotimage="\\DlgContacts\\btnRoomInviteHot.png"/>
            <Button name="btnRoomJoin" width="45" height="50" normalimage="\\DlgContacts\\btnRoomJoin.png" hotimage="\\DlgContacts\\btnRoomJoinHot.png"/>
        </HorizontalLayout>
    </VerticalLayout>
</Window>
